id,ident,type,name,latitude_deg,longitude_deg,elevation_ft,continent,country_name,iso_country,region_name,iso_region,local_region,municipality,scheduled_service,gps_code,iata_code,local_code,home_link,wikipedia_link,keywords,score,last_updated,text,Volume
3632,KLAX,large_airport,Los Angeles International Airport,33.942501,-118.407997,125,,United States,US,California,US-CA,CA,Los Angeles,1,KLAX,LAX,LAX,https://www.flylax.com/,https://en.wikipedia.org/wiki/Los_Angeles_International_Airport,,1335475,2020-04-26T22:37:22+00:00,Los Angeles International Airport,31055358
3754,KORD,large_airport,Chicago O'Hare International Airport,41.9786,-87.9048,672,,United States,US,Illinois,US-IL,IL,Chicago,1,KORD,ORD,ORD,https://www.flychicago.com/ohare/home/pages/default.aspx,https://en.wikipedia.org/wiki/O'Hare_International_Airport,"CHI, Orchard Place",1503175,2018-09-16T02:35:35+00:00,Chicago O'Hare International Airport,0
3622,KJFK,large_airport,John F Kennedy International Airport,40.639801,-73.7789,13,,United States,US,New York,US-NY,NY,New York,1,KJFK,JFK,JFK,https://www.jfkairport.com/,https://en.wikipedia.org/wiki/John_F._Kennedy_International_Airport,"Manhattan, New York City, NYC, Idlewild",1052075,2020-04-26T22:35:58+00:00,John F Kennedy International Airport,21906246
3384,KATL,large_airport,Hartsfield Jackson Atlanta International Airport,33.6367,-84.428101,1026,,United States,US,Georgia,US-GA,GA,Atlanta,1,KATL,ATL,ATL,http://www.atlanta-airport.com/,https://en.wikipedia.org/wiki/Hartsfield–Jackson_Atlanta_International_Airport,,2002475,2018-09-19T14:50:01+00:00,Hartsfield Jackson Atlanta International Airport,10080385
3878,KSFO,large_airport,San Francisco International Airport,37.61899948,-122.375,13,,United States,US,California,US-CA,CA,San Francisco,1,KSFO,SFO,SFO,http://www.flysfo.com/,https://en.wikipedia.org/wiki/San_Francisco_International_Airport,"QSF, QBA",1112475,2008-06-13T14:30:04+00:00,San Francisco International Airport,4170705
3521,KEWR,large_airport,Newark Liberty International Airport,40.69250107,-74.16870117,18,,United States,US,New Jersey,US-NJ,NJ,Newark,1,KEWR,EWR,EWR,http://www.panynj.gov/CommutingTravel/airports/html/newarkliberty.html,https://en.wikipedia.org/wiki/Newark_Liberty_International_Airport,"Manhattan, New York City, NYC",1064475,2008-06-13T14:30:04+00:00,Newark Liberty International Airport,17957583
3488,KDFW,large_airport,Dallas Fort Worth International Airport,32.896801,-97.038002,607,,United States,US,Texas,US-TX,TX,Dallas-Fort Worth,1,KDFW,DFW,DFW,https://www.dfwairport.com/,https://en.wikipedia.org/wiki/Dallas/Fort_Worth_International_Airport,QDF,1203175,2018-09-19T14:53:02+00:00,Dallas Fort Worth International Airport,0
3631,KLAS,large_airport,McCarran International Airport,36.08010101,-115.1520004,2181,,United States,US,Nevada,US-NV,NV,Las Vegas,1,KLAS,LAS,LAS,http://www.mccarran.com/,https://en.wikipedia.org/wiki/McCarran_International_Airport,,1068475,2010-07-05T16:48:39+00:00,McCarran International Airport,4413366
3670,KMCO,large_airport,Orlando International Airport,28.42939949,-81.30899811,96,,United States,US,Florida,US-FL,FL,Orlando,1,KMCO,MCO,MCO,http://www.orlandoairports.net/,https://en.wikipedia.org/wiki/Orlando_International_Airport,"Disney World,Epcot Center",1044075,2008-06-13T14:30:04+00:00,Orlando International Airport,5152338
3486,KDEN,large_airport,Denver International Airport,39.86169815,-104.6729965,5431,,United States,US,Colorado,US-CO,CO,Denver,1,KDEN,DEN,DEN,http://www.flydenver.com/,https://en.wikipedia.org/wiki/Denver_International_Airport,"DVX, KVDX",1103275,2015-11-13T09:28:42+00:00,Denver International Airport,0
3643,KLGA,large_airport,La Guardia Airport,40.777199,-73.872597,21,,United States,US,New York,US-NY,NY,New York,1,KLGA,LGA,LGA,https://www.laguardiaairport.com/,https://en.wikipedia.org/wiki/LaGuardia_Airport,"Manhattan, New York City, NYC, Glenn H. Curtiss Airport, North Beach Airport, La Guardia",1030575,2020-06-22T09:51:47+00:00,La Guardia Airport,9977213
3602,KIAD,large_airport,Washington Dulles International Airport,38.9445,-77.455803,312,,United States,US,Virginia,US-VA,VA,"Washington, DC",1,KIAD,IAD,IAD,http://www.mwaa.com/dulles/,https://en.wikipedia.org/wiki/Washington_Dulles_International_Airport,WAS,1023875,2020-11-04T14:25:17+00:00,Washington Dulles International Airport,7686835
3685,KMIA,large_airport,Miami International Airport,25.79319954,-80.29060364,8,,United States,US,Florida,US-FL,FL,Miami,1,KMIA,MIA,MIA,http://www.miami-airport.com/,https://en.wikipedia.org/wiki/Miami_International_Airport,"MFW, South Florida",1073075,2008-06-13T14:30:04+00:00,Miami International Airport,13252699
3772,KPHX,large_airport,Phoenix Sky Harbor International Airport,33.43429947,-112.012001,1135,,United States,US,Arizona,US-AZ,AZ,Phoenix,1,KPHX,PHX,PHX,http://phoenix.gov/skyharborairport/,https://en.wikipedia.org/wiki/Phoenix_Sky_Harbor_International_Airport,,1060875,2008-06-13T14:30:04+00:00,Phoenix Sky Harbor International Airport,5152338
3875,KSEA,large_airport,Seattle Tacoma International Airport,47.449001,-122.308998,433,,United States,US,Washington,US-WA,WA,Seattle,1,KSEA,SEA,SEA,http://www.portseattle.org/seatac/,https://en.wikipedia.org/wiki/Seattle–Tacoma_International_Airport,,1038675,2018-09-19T14:50:47+00:00,Seattle Tacoma International Airport,4170705
3422,KBOS,large_airport,General Edward Lawrence Logan International Airport,42.36429977,-71.00520325,20,,United States,US,Massachusetts,US-MA,MA,Boston,1,KBOS,BOS,BOS,http://www.massport.com/logan/,https://en.wikipedia.org/wiki/Logan_International_Airport,General Edward Lawrence Logan International Airport,1035875,2010-01-23T11:27:48+00:00,General Edward Lawrence Logan International Airport,17957583
3771,KPHL,large_airport,Philadelphia International Airport,39.87189865,-75.2410965,36,,United States,US,Pennsylvania,US-PA,PA,Philadelphia,1,KPHL,PHL,PHL,http://www.phl.org/,https://en.wikipedia.org/wiki/Philadelphia_International_Airport,,1031075,2008-06-13T14:30:04+00:00,Philadelphia International Airport,4413366
3457,KCLT,large_airport,Charlotte Douglas International Airport,35.2140007,-80.94309998,748,,United States,US,North Carolina,US-NC,NC,Charlotte,1,KCLT,CLT,CLT,http://www.charlotteairport.com/,https://en.wikipedia.org/wiki/Charlotte/Douglas_International_Airport,,1028075,2009-01-30T14:52:52+00:00,Charlotte Douglas International Airport,0
3604,KIAH,large_airport,George Bush Intercontinental Houston Airport,29.9843998,-95.34140015,97,,United States,US,Texas,US-TX,TX,Houston,1,KIAH,IAH,IAH,http://www.fly2houston.com/iah,https://en.wikipedia.org/wiki/George_Bush_Intercontinental_Airport,QHO,1055675,2008-06-13T14:30:04+00:00,George Bush Intercontinental Houston Airport,17957583
3497,KDTW,large_airport,Detroit Metropolitan Wayne County Airport,42.21239853,-83.35340118,645,,United States,US,Michigan,US-MI,MI,Detroit,1,KDTW,DTW,DTW,http://www.metroairport.com/,https://en.wikipedia.org/wiki/Detroit_Metropolitan_Wayne_County_Airport,"DTT, Detroit Metro Airport",1079375,2008-06-13T14:30:04+00:00,Detroit Metropolitan Wayne County Airport,13252699
3483,KDCA,large_airport,Ronald Reagan Washington National Airport,38.8521,-77.037697,15,,United States,US,District of Columbia,US-DC,DC,Washington,1,KDCA,DCA,DCA,http://www.flyreagan.com/dca/reagan-national-airport,https://en.wikipedia.org/wiki/Ronald_Reagan_Washington_National_Airport,WAS,1016175,2016-12-13T09:13:00+00:00,Ronald Reagan Washington National Airport,4170705
3709,KMSP,large_airport,Minneapolis-St Paul International/Wold-Chamberlain Airport,44.882,-93.221802,841,,United States,US,Minnesota,US-MN,MN,Minneapolis,1,KMSP,MSP,MSP,http://www.mspairport.com/,https://en.wikipedia.org/wiki/Minneapolis–Saint_Paul_International_Airport,,1085275,2018-09-19T14:51:47+00:00,Minneapolis-St Paul International/Wold-Chamberlain Airport,5152338
3887,KSLC,large_airport,Salt Lake City International Airport,40.78839874,-111.9779968,4227,,United States,US,Utah,US-UT,UT,Salt Lake City,1,KSLC,SLC,SLC,,https://en.wikipedia.org/wiki/Salt_Lake_City_International_Airport,,1025075,2008-06-13T14:30:04+00:00,Salt Lake City International Airport,4170705
3862,KSAN,large_airport,San Diego International Airport,32.73360062,-117.1900024,17,,United States,US,California,US-CA,CA,San Diego,1,KSAN,SAN,SAN,http://www.san.org/,https://en.wikipedia.org/wiki/San_Diego_International_Airport,Lindbergh Field,1017175,2014-12-10T01:00:52+00:00,San Diego International Airport,4170705
3673,KMDW,large_airport,Chicago Midway International Airport,41.785999,-87.752403,620,,United States,US,Illinois,US-IL,IL,Chicago,1,KMDW,MDW,MDW,https://www.flychicago.com/midway/home/pages/default.aspx,https://en.wikipedia.org/wiki/Midway_International_Airport,CHI,1015475,2018-09-16T02:34:32+00:00,Chicago Midway International Airport,0
3531,KFLL,large_airport,Fort Lauderdale Hollywood International Airport,26.072599,-80.152702,9,,United States,US,Florida,US-FL,FL,Fort Lauderdale,1,KFLL,FLL,FLL,http://www.broward.org/airport,https://en.wikipedia.org/wiki/Fort_Lauderdale–Hollywood_International_Airport,"MFW, South Florida",1015275,2018-09-16T02:40:06+00:00,Fort Lauderdale Hollywood International Airport,10080385
3435,KBWI,large_airport,Baltimore/Washington International Thurgood Marshall Airport,39.1754,-76.668297,146,,United States,US,Maryland,US-MD,MD,Baltimore,1,KBWI,BWI,BWI,https://www.bwiairport.com/,https://en.wikipedia.org/wiki/Baltimore%E2%80%93Washington_International_Airport,WAS,1021075,2018-09-16T02:37:47+00:00,Baltimore/Washington International Thurgood Marshall Airport,8506262
3905,KSTL,large_airport,St Louis Lambert International Airport,38.748697,-90.370003,618,,United States,US,Missouri,US-MO,MO,St Louis,1,KSTL,STL,STL,https://www.flystl.com/,https://en.wikipedia.org/wiki/St._Louis_Lambert_International_Airport,Lambert St Louis,1047075,2018-09-21T03:04:43+00:00,St Louis Lambert International Airport,4170705
5453,PHNL,large_airport,Daniel K Inouye International Airport,21.32062,-157.924228,13,,United States,US,Hawaii,US-HI,HI,Honolulu,1,PHNL,HNL,HNL,http://airports.hawaii.gov/hnl/,https://en.wikipedia.org/wiki/Daniel_K._Inouye_International_Airport,"Hickam Air Force Base, HIK, PHIK, KHNL, Honolulu International",1029375,2018-09-16T02:42:33+00:00,Daniel K Inouye International Airport,0
3768,KPDX,large_airport,Portland International Airport,45.58869934,-122.5979996,31,,United States,US,Oregon,US-OR,OR,Portland,1,KPDX,PDX,PDX,,https://en.wikipedia.org/wiki/Portland_International_Airport,,1015775,2010-01-23T11:28:03+00:00,Portland International Airport,4170705
3711,KMSY,large_airport,Louis Armstrong New Orleans International Airport,29.99340057,-90.25800323,4,,United States,US,Louisiana,US-LA,LA,New Orleans,1,KMSY,MSY,MSY,,https://en.wikipedia.org/wiki/Louis_Armstrong_New_Orleans_International_Airport,,1012575,2008-06-13T14:30:04+00:00,Louis Armstrong New Orleans International Airport,4894144
3471,KCVG,large_airport,Cincinnati Northern Kentucky International Airport,39.048801,-84.667801,896,,United States,US,Kentucky,US-KY,KY,Cincinnati / Covington,1,KCVG,CVG,CVG,,https://en.wikipedia.org/wiki/Cincinnati/Northern_Kentucky_International_Airport,,1029475,2020-06-19T11:43:26+00:00,Cincinnati Northern Kentucky International Airport,8506262
3926,KTPA,large_airport,Tampa International Airport,27.97550011,-82.53320313,26,,United States,US,Florida,US-FL,FL,Tampa,1,KTPA,TPA,TPA,,https://en.wikipedia.org/wiki/Tampa_International_Airport,,1017475,2008-06-13T14:30:04+00:00,Tampa International Airport,4170705
3420,KBNA,large_airport,Nashville International Airport,36.12450027,-86.67819977,599,,United States,US,Tennessee,US-TN,TN,Nashville,1,KBNA,BNA,BNA,,https://en.wikipedia.org/wiki/Nashville_International_Airport,,52075,2008-06-13T14:30:04+00:00,Nashville International Airport,4413366
3778,KPIT,large_airport,Pittsburgh International Airport,40.49150085,-80.23290253,1203,,United States,US,Pennsylvania,US-PA,PA,Pittsburgh,1,KPIT,PIT,PIT,,https://en.wikipedia.org/wiki/Pittsburgh_International_Airport,,1021875,2010-01-23T11:28:03+00:00,Pittsburgh International Airport,4413366
3386,KAUS,large_airport,Austin Bergstrom International Airport,30.19449997,-97.66989899,542,,United States,US,Texas,US-TX,TX,Austin,1,KAUS,AUS,AUS,http://www.ci.austin.tx.us/austinairport/,https://en.wikipedia.org/wiki/Austin-Bergstrom_International_Airport,,51675,2008-06-13T14:30:04+00:00,Austin Bergstrom International Airport,0
3883,KSJC,large_airport,Norman Y. Mineta San Jose International Airport,37.362598,-121.929001,62,,United States,US,California,US-CA,CA,San Jose,1,KSJC,SJC,SJC,http://www.flysanjose.com/,https://en.wikipedia.org/wiki/San_Jose_International_Airport,"QSF, QBA",1014275,2017-05-27T23:04:55+00:00,Norman Y. Mineta San Jose International Airport,4413366
3744,KOAK,large_airport,Metropolitan Oakland International Airport,37.721298,-122.221001,9,,United States,US,California,US-CA,CA,Oakland,1,KOAK,OAK,OAK,http://www.oaklandairport.com/,https://en.wikipedia.org/wiki/Oakland_International_Airport,"QSF, QBA",1012475,2017-05-27T22:59:41+00:00,Metropolitan Oakland International Airport,4413366
3844,KRDU,large_airport,Raleigh Durham International Airport,35.87760162,-78.78749847,435,,United States,US,North Carolina,US-NC,NC,Raleigh/Durham,1,KRDU,RDU,RDU,,https://en.wikipedia.org/wiki/Raleigh-Durham_International_Airport,,1011675,2008-06-13T14:30:04+00:00,Raleigh Durham International Airport,4170705
3675,KMEM,large_airport,Memphis International Airport,35.04240036,-89.97669983,341,,United States,US,Tennessee,US-TN,TN,Memphis,1,KMEM,MEM,MEM,,https://en.wikipedia.org/wiki/Memphis_International_Airport,,1014475,2008-06-13T14:30:04+00:00,Memphis International Airport,4413366
3863,KSAT,large_airport,San Antonio International Airport,29.533701,-98.469803,809,,United States,US,Texas,US-TX,TX,San Antonio,1,KSAT,SAT,SAT,https://www.sanantonio.gov/aviation,https://en.wikipedia.org/wiki/San_Antonio_International_Airport,,1475,2020-04-19T09:52:41+00:00,San Antonio International Airport,4170705
3668,KMCI,large_airport,Kansas City International Airport,39.2976,-94.713898,1026,,United States,US,Missouri,US-MO,MO,Kansas City,1,KMCI,MCI,MCI,http://www.flykci.com/,https://en.wikipedia.org/wiki/Kansas_City_International_Airport,,1015075,2016-05-31T09:33:29+00:00,Kansas City International Airport,4706407
3588,KHOU,large_airport,William P Hobby Airport,29.64539909,-95.27890015,46,,United States,US,Texas,US-TX,TX,Houston,1,KHOU,HOU,HOU,http://www.fly2houston.com/hobbyHome,https://en.wikipedia.org/wiki/William_P._Hobby_Airport,QHO,1011575,2010-01-23T11:27:52+00:00,William P Hobby Airport,4170705
3894,KSNA,large_airport,John Wayne Airport-Orange County Airport,33.67570114,-117.8679962,56,,United States,US,California,US-CA,CA,Santa Ana,1,KSNA,SNA,SNA,http://www.ocair.com/,https://en.wikipedia.org/wiki/John_Wayne_Airport,"Disney, Disneyland, Orange County",51150,2010-01-26T11:26:00+00:00,John Wayne Airport-Orange County Airport,4413366
3454,KCLE,large_airport,Cleveland Hopkins International Airport,41.4117012,-81.84980011,791,,United States,US,Ohio,US-OH,OH,Cleveland,1,KCLE,CLE,CLE,http://www.clevelandairport.com/,https://en.wikipedia.org/wiki/Cleveland_Hopkins_International_Airport,,1015875,2010-10-22T20:04:02+00:00,Cleveland Hopkins International Airport,0
3479,KDAL,large_airport,Dallas Love Field,32.847099,-96.851799,487,,United States,US,Texas,US-TX,TX,Dallas,1,KDAL,DAL,DAL,http://www.dallas-lovefield.com/,https://en.wikipedia.org/wiki/Dallas_Love_Field,QDF,1675,2017-06-18T20:36:36+00:00,Dallas Love Field,0
3610,KIND,large_airport,Indianapolis International Airport,39.7173,-86.294403,797,,United States,US,Indiana,US-IN,IN,Indianapolis,1,KIND,IND,IND,http://www.indianapolisairport.com/,https://en.wikipedia.org/wiki/Indianapolis_International_Airport,,52075,2016-07-08T18:41:42+00:00,Indianapolis International Airport,4413366
16091,KABQ,large_airport,Albuquerque International Sunport,35.040199,-106.609001,5355,,United States,US,New Mexico,US-NM,NM,Albuquerque,1,KABQ,ABQ,ABQ,http://www.abqsunport.com/,https://en.wikipedia.org/wiki/Albuquerque_International_Sunport,,450,2018-09-15T18:43:33+00:00,Albuquerque International Sunport,0
3690,KMKE,large_airport,General Mitchell International Airport,42.94720078,-87.89659882,723,,United States,US,Wisconsin,US-WI,WI,Milwaukee,1,KMKE,MKE,MKE,,https://en.wikipedia.org/wiki/General_Mitchell_International_Airport,,1575,2008-06-13T14:30:04+00:00,General Mitchell International Airport,4413366
3458,KCMH,large_airport,John Glenn Columbus International Airport,39.998001,-82.891899,815,,United States,US,Ohio,US-OH,OH,Columbus,1,KCMH,CMH,CMH,https://flycolumbus.com/,https://en.wikipedia.org/wiki/Port_Columbus_International_Airport,,1675,2018-04-19T16:19:05+00:00,John Glenn Columbus International Airport,0
3932,KTUS,large_airport,Tucson International Airport / Morris Air National Guard Base,32.115004,-110.938053,2643,,United States,US,Arizona,US-AZ,AZ,Tucson,1,KTUS,TUS,TUS,https://www.flytucson.com/,https://en.wikipedia.org/wiki/Tucson_International_Airport,"tucson, tucson international, morris angb",1050,2020-06-23T12:19:33+00:00,Tucson International Airport / Morris Air National Guard Base,0
3396,KBDL,large_airport,Bradley International Airport,41.93889999,-72.68319702,173,,United States,US,Connecticut,US-CT,CT,Hartford,1,KBDL,BDL,BDL,http://www.bradleyairport.com/,https://en.wikipedia.org/wiki/Bradley_International_Airport,"HFD, Hartford",1050,2010-09-23T10:12:19+00:00,Bradley International Airport,0
3431,KBUF,large_airport,Buffalo Niagara International Airport,42.94049835,-78.73220062,728,,United States,US,New York,US-NY,NY,Buffalo,1,KBUF,BUF,BUF,,https://en.wikipedia.org/wiki/Buffalo_Niagara_International_Airport,,1475,2010-01-23T11:27:48+00:00,Buffalo Niagara International Airport,0
3620,KJAX,large_airport,Jacksonville International Airport,30.49410057,-81.68789673,30,,United States,US,Florida,US-FL,FL,Jacksonville,1,KJAX,JAX,JAX,,https://en.wikipedia.org/wiki/Jacksonville_International_Airport,,1475,2008-06-13T14:30:04+00:00,Jacksonville International Airport,0
5388,PANC,large_airport,Ted Stevens Anchorage International Airport,61.17440033,-149.9960022,152,,United States,US,Alaska,US-AK,AK,Anchorage,1,PANC,ANC,ANC,,https://en.wikipedia.org/wiki/Ted_Stevens_Anchorage_International_Airport,,1475,2008-06-13T14:30:04+00:00,Ted Stevens Anchorage International Airport,0
3747,KOKC,large_airport,Will Rogers World Airport,35.39310074,-97.60070038,1295,,United States,US,Oklahoma,US-OK,OK,Oklahoma City,1,KOKC,OKC,OKC,,https://en.wikipedia.org/wiki/Will_Rogers_World_Airport,,1475,2008-06-13T14:30:04+00:00,Will Rogers World Airport,0
3892,KSMF,large_airport,Sacramento International Airport,38.69540024,-121.5910034,27,,United States,US,California,US-CA,CA,Sacramento,1,KSMF,SMF,SMF,,https://en.wikipedia.org/wiki/Sacramento_International_Airport,,51475,2008-06-13T14:30:04+00:00,Sacramento International Airport,0
3751,KOMA,large_airport,Eppley Airfield,41.3032,-95.894096,984,,United States,US,Nebraska,US-NE,NE,Omaha,1,KOMA,OMA,OMA,,https://en.wikipedia.org/wiki/Eppley_Airfield,,1050,2018-09-15T19:06:19+00:00,Eppley Airfield,0
3853,KRNO,large_airport,Reno Tahoe International Airport,39.49909973,-119.7679977,4415,,United States,US,Nevada,US-NV,NV,Reno,1,KRNO,RNO,RNO,,https://en.wikipedia.org/wiki/Reno-Tahoe_International_Airport,,1050,2009-02-03T07:40:35+00:00,Reno Tahoe International Airport,0
3755,KORF,large_airport,Norfolk International Airport,36.89459991,-76.20120239,26,,United States,US,Virginia,US-VA,VA,Norfolk,1,KORF,ORF,ORF,,https://en.wikipedia.org/wiki/Norfolk_International_Airport,,1275,2008-06-13T14:30:04+00:00,Norfolk International Airport,0
3766,KPBI,large_airport,Palm Beach International Airport,26.68320084,-80.09559631,19,,United States,US,Florida,US-FL,FL,West Palm Beach,1,KPBI,PBI,PBI,,https://en.wikipedia.org/wiki/Palm_Beach_International_Airport,"MFW, South Florida",1275,2008-06-13T14:30:04+00:00,Palm Beach International Airport,0
3795,KPVD,large_airport,Theodore Francis Green State Airport,41.732601,-71.420403,55,,United States,US,Rhode Island,US-RI,RI,Providence,1,KPVD,PVD,PVD,,https://en.wikipedia.org/wiki/T._F._Green_Airport,,1050,2019-03-29T19:59:13+00:00,Theodore Francis Green State Airport,0
3873,KSDF,large_airport,Louisville Muhammad Ali International Airport,38.1744,-85.736,501,,United States,US,Kentucky,US-KY,KY,Louisville,1,KSDF,SDF,SDF,http://www.flylouisville.com,https://en.wikipedia.org/wiki/Louisville_International_Airport,"Louisville International, Standiford Field",1875,2019-12-14T21:35:15+00:00,Louisville Muhammad Ali International Airport,0
3450,KCHS,large_airport,Charleston Air Force Base-International Airport,32.89860153,-80.04049683,46,,United States,US,South Carolina,US-SC,SC,Charleston,1,KCHS,CHS,CHS,,https://en.wikipedia.org/wiki/Charleston_International_Airport,Charleston Air Force Base,1275,2010-01-23T11:27:48+00:00,Charleston Air Force Base-International Airport,0
3421,KBOI,large_airport,Boise Air Terminal/Gowen Field,43.5644,-116.223,2871,,United States,US,Idaho,US-ID,ID,Boise,1,KBOI,BOI,BOI,http://www.cityofboise.org/departments/airport/,https://en.wikipedia.org/wiki/Boise_Airport,"Boise Air Terminal, Gowen Field",1050,2018-10-05T16:50:47+00:00,Boise Air Terminal/Gowen Field,0
3847,KRIC,large_airport,Richmond International Airport,37.50519943,-77.31970215,167,,United States,US,Virginia,US-VA,VA,Richmond,1,KRIC,RIC,RIC,,https://en.wikipedia.org/wiki/Richmond_International_Airport,,1475,2008-06-13T14:30:04+00:00,Richmond International Airport,0
3406,KBHM,large_airport,Birmingham-Shuttlesworth International Airport,33.56290054,-86.75350189,650,,United States,US,Alabama,US-AL,AL,Birmingham,1,KBHM,BHM,BHM,http://www.flybirmingham.com/,https://en.wikipedia.org/wiki/Birmingham_International_Airport_(US),,1275,2015-07-27T15:10:43+00:00,Birmingham-Shuttlesworth International Airport,0
3864,KSAV,large_airport,Savannah Hilton Head International Airport,32.12760162,-81.20210266,50,,United States,US,Georgia,US-GA,GA,Savannah,1,KSAV,SAV,SAV,,https://en.wikipedia.org/wiki/Savannah/Hilton_Head_International_Airport,,1275,2010-01-23T11:28:05+00:00,Savannah Hilton Head International Airport,0
3913,KSYR,large_airport,Syracuse Hancock International Airport,43.11119843,-76.10630035,421,,United States,US,New York,US-NY,NY,Syracuse,1,KSYR,SYR,SYR,http://www.syrairport.org/,https://en.wikipedia.org/wiki/Syracuse_Hancock_International_Airport,,1275,2009-07-11T20:52:07+00:00,Syracuse Hancock International Airport,0
3752,KONT,large_airport,Ontario International Airport,34.05599976,-117.6009979,944,,United States,US,California,US-CA,CA,Ontario,1,KONT,ONT,ONT,,https://en.wikipedia.org/wiki/LA/Ontario_International_Airport,,1475,2008-06-13T14:30:04+00:00,Ontario International Airport,0
3552,KGEG,large_airport,Spokane International Airport,47.61989975,-117.5339966,2376,,United States,US,Washington,US-WA,WA,Spokane,1,KGEG,GEG,GEG,,https://en.wikipedia.org/wiki/Spokane_International_Airport,,1275,2008-06-13T14:30:04+00:00,Spokane International Airport,0
3481,KDAY,large_airport,James M Cox Dayton International Airport,39.90240097,-84.2193985,1009,,United States,US,Ohio,US-OH,OH,Dayton,1,KDAY,DAY,DAY,,https://en.wikipedia.org/wiki/Dayton_International_Airport,,1675,2008-06-13T14:30:04+00:00,James M Cox Dayton International Airport,0
3930,KTUL,large_airport,Tulsa International Airport,36.19839859,-95.88809967,677,,United States,US,Oklahoma,US-OK,OK,Tulsa,1,KTUL,TUL,TUL,,https://en.wikipedia.org/wiki/Tulsa_International_Airport,,1475,2008-06-13T14:30:04+00:00,Tulsa International Airport,0
3496,KDSM,large_airport,Des Moines International Airport,41.5340004,-93.6631012,958,,United States,US,Iowa,US-IA,IA,Des Moines,1,KDSM,DSM,DSM,,https://en.wikipedia.org/wiki/Des_Moines_International_Airport,,1475,2008-06-13T14:30:04+00:00,Des Moines International Airport,0
3855,KROC,large_airport,Greater Rochester International Airport,43.1189003,-77.67240143,559,,United States,US,New York,US-NY,NY,Rochester,1,KROC,ROC,ROC,,https://en.wikipedia.org/wiki/Greater_Rochester_International_Airport,,1475,2008-06-13T14:30:04+00:00,Greater Rochester International Airport,0
3858,KRSW,large_airport,Southwest Florida International Airport,26.53619957,-81.75520325,30,,United States,US,Florida,US-FL,FL,Fort Myers,1,KRSW,RSW,RSW,http://www.flylcpa.com/,https://en.wikipedia.org/wiki/Southwest_Florida_International_Airport,,51150,2009-04-15T21:59:48+00:00,Southwest Florida International Airport,0
3605,KICT,large_airport,Wichita Eisenhower National Airport,37.649899,-97.433098,1333,,United States,US,Kansas,US-KS,KS,Wichita,1,KICT,ICT,ICT,,https://en.wikipedia.org/wiki/Wichita_Dwight_D._Eisenhower_National_Airport,,1575,2018-10-04T13:56:29+00:00,Wichita Eisenhower National Airport,0
3707,KMSN,large_airport,Dane County Regional Truax Field,43.13990021,-89.33750153,887,,United States,US,Wisconsin,US-WI,WI,Madison,1,KMSN,MSN,MSN,,https://en.wikipedia.org/wiki/Dane_County_Regional_Airport,,1475,2008-06-13T14:30:04+00:00,Dane County Regional Truax Field,0
3463,KCOS,large_airport,City of Colorado Springs Municipal Airport,38.805801,-104.700996,6187,,United States,US,Colorado,US-CO,CO,Colorado Springs,0,KCOS,COS,COS,https://flycos.coloradosprings.gov/,https://en.wikipedia.org/wiki/Colorado_Springs_Airport,,1275,2020-07-19T12:03:56+00:00,City of Colorado Springs Municipal Airport,0
3796,KPWM,large_airport,Portland International Jetport,43.646198,-70.309303,76,,United States,US,Maine,US-ME,ME,Portland,1,KPWM,PWM,PWM,,https://en.wikipedia.org/wiki/Portland_International_Jetport,,1275,2019-07-19T14:25:54+00:00,Portland International Jetport,0
3645,KLIT,large_airport,Bill & Hillary Clinton National Airport/Adams Field,34.72940063,-92.22429657,262,,United States,US,Arkansas,US-AR,AR,Little Rock,1,KLIT,LIT,LIT,,https://en.wikipedia.org/wiki/Little_Rock_National_Airport,,1675,2015-01-20T15:38:18+00:00,Bill & Hillary Clinton National Airport/Adams Field,0
3684,KMHT,large_airport,Manchester-Boston Regional Airport,42.932598,-71.435699,266,,United States,US,New Hampshire,US-NH,NH,Manchester,1,KMHT,MHT,MHT,,https://en.wikipedia.org/wiki/Manchester-Boston_Regional_Airport,,599,2019-03-29T20:00:09+00:00,Manchester-Boston Regional Airport,0
3938,KTYS,large_airport,McGhee Tyson Airport,35.81100082,-83.9940033,981,,United States,US,Tennessee,US-TN,TN,Knoxville,1,KTYS,TYS,TYS,,https://en.wikipedia.org/wiki/McGhee_Tyson_Airport,,1275,2010-09-24T11:02:26+00:00,McGhee Tyson Airport,0
3924,KTLH,large_airport,Tallahassee Regional Airport,30.39649963,-84.35030365,81,,United States,US,Florida,US-FL,FL,Tallahassee,1,KTLH,TLH,TLH,,https://en.wikipedia.org/wiki/Tallahassee_Regional_Airport,,1275,2008-06-13T14:30:04+00:00,Tallahassee Regional Airport,0
3568,KGSO,large_airport,Piedmont Triad International Airport,36.09780121,-79.93730164,925,,United States,US,North Carolina,US-NC,NC,Greensboro,1,KGSO,GSO,GSO,,https://en.wikipedia.org/wiki/Piedmont_Triad_International_Airport,,1475,2008-06-13T14:30:04+00:00,Piedmont Triad International Airport,0
3640,KLEX,large_airport,Blue Grass Airport,38.03649902,-84.60590363,979,,United States,US,Kentucky,US-KY,KY,Lexington,1,KLEX,LEX,LEX,http://www.bluegrassairport.com/,https://en.wikipedia.org/wiki/Blue_Grass_Airport,,1275,2009-02-25T15:49:51+00:00,Blue Grass Airport,0
3401,KBFI,large_airport,Boeing Field King County International Airport,47.52999878,-122.302002,21,,United States,US,Washington,US-WA,WA,Seattle,1,KBFI,BFI,BFI,,https://en.wikipedia.org/wiki/Boeing_Field,,1275,2008-06-13T14:30:04+00:00,Boeing Field King County International Airport,0
3569,KGSP,large_airport,Greenville Spartanburg International Airport,34.89569855,-82.21890259,964,,United States,US,South Carolina,US-SC,SC,Greenville,1,KGSP,GSP,GSP,,https://en.wikipedia.org/wiki/Greenville-Spartanburg_International_Airport,,1275,2010-09-24T10:42:27+00:00,Greenville Spartanburg International Airport,0
3633,KLBB,large_airport,Lubbock Preston Smith International Airport,33.663601,-101.822998,3282,,United States,US,Texas,US-TX,TX,Lubbock,1,KLBB,LBB,LBB,http://www.flylia.com/,https://en.wikipedia.org/wiki/Lubbock_Preston_Smith_International_Airport,,1275,2017-06-18T20:41:45+00:00,Lubbock Preston Smith International Airport,0
3478,KDAB,large_airport,Daytona Beach International Airport,29.179899,-81.058098,34,,United States,US,Florida,US-FL,FL,Daytona Beach,1,KDAB,DAB,DAB,,https://en.wikipedia.org/wiki/Daytona_Beach_International_Airport,,1050,2016-07-11T15:22:18+00:00,Daytona Beach International Airport,0
3899,KSRQ,large_airport,Sarasota Bradenton International Airport,27.39539909,-82.55439758,30,,United States,US,Florida,US-FL,FL,Sarasota/Bradenton,1,KSRQ,SRQ,SRQ,,https://en.wikipedia.org/wiki/Sarasota-Bradenton_International_Airport,,1275,2008-06-13T14:30:04+00:00,Sarasota Bradenton International Airport,0
3405,KBGR,large_airport,Bangor International Airport,44.80739975,-68.82810211,192,,United States,US,Maine,US-ME,ME,Bangor,1,KBGR,BGR,BGR,,https://en.wikipedia.org/wiki/Bangor_International_Airport,,1275,2008-06-13T14:30:04+00:00,Bangor International Airport,0
3377,KAMA,large_airport,Rick Husband Amarillo International Airport,35.219398,-101.706001,3607,,United States,US,Texas,US-TX,TX,Amarillo,1,KAMA,AMA,AMA,http://airport.amarillo.gov/,https://en.wikipedia.org/wiki/Rick_Husband_Amarillo_International_Airport,,1275,2017-06-18T20:28:52+00:00,Rick Husband Amarillo International Airport,0
3448,KCHA,large_airport,Lovell Field,35.03530121,-85.20379639,683,,United States,US,Tennessee,US-TN,TN,Chattanooga,1,KCHA,CHA,CHA,,https://en.wikipedia.org/wiki/Chattanooga_Metropolitan_Airport,,1275,2008-06-13T14:30:04+00:00,Lovell Field,0
3438,KCAE,large_airport,Columbia Metropolitan Airport,33.93880081,-81.11949921,236,,United States,US,South Carolina,US-SC,SC,Columbia,1,KCAE,CAE,CAE,,https://en.wikipedia.org/wiki/Columbia_Metropolitan_Airport,,1475,2008-06-13T14:30:04+00:00,Columbia Metropolitan Airport,0
3562,KGRB,large_airport,Austin Straubel International Airport,44.48509979,-88.12960052,695,,United States,US,Wisconsin,US-WI,WI,Green Bay,1,KGRB,GRB,GRB,,https://en.wikipedia.org/wiki/Austin_Straubel_International_Airport,,1275,2008-06-13T14:30:04+00:00,Austin Straubel International Airport,0
3868,KSBN,large_airport,South Bend Regional Airport,41.70869827,-86.31729889,799,,United States,US,Indiana,US-IN,IN,South Bend,1,KSBN,SBN,SBN,,https://en.wikipedia.org/wiki/South_Bend_Regional_Airport,,1275,2008-06-13T14:30:04+00:00,South Bend Regional Airport,0
3387,KAVL,large_airport,Asheville Regional Airport,35.436199,-82.541801,2165,,United States,US,North Carolina,US-NC,NC,Asheville,1,KAVL,AVL,AVL,,https://en.wikipedia.org/wiki/Asheville_Regional_Airport,,1275,2020-08-30T07:30:26+00:00,Asheville Regional Airport,0
3594,KHSV,large_airport,Huntsville International Carl T Jones Field,34.6371994,-86.77510071,629,,United States,US,Alabama,US-AL,AL,Huntsville,1,KHSV,HSV,HSV,http://www.flyhuntsville.com/portal/#.VbaG-_lVhBc,https://en.wikipedia.org/wiki/Huntsville_International_Airport,,1675,2015-07-27T15:12:24+00:00,Huntsville International Carl T Jones Field,0
3876,KSFB,large_airport,Orlando Sanford International Airport,28.77759933,-81.23750305,55,,United States,US,Florida,US-FL,FL,Orlando,1,KSFB,SFB,SFB,,https://en.wikipedia.org/wiki/Orlando_Sanford_International_Airport,,1275,2008-06-13T14:30:04+00:00,Orlando Sanford International Airport,0
3451,KCID,large_airport,The Eastern Iowa Airport,41.88470078,-91.71080017,869,,United States,US,Iowa,US-IA,IA,Cedar Rapids,1,KCID,CID,CID,,https://en.wikipedia.org/wiki/The_Eastern_Iowa_Airport,,1275,2008-06-13T14:30:04+00:00,The Eastern Iowa Airport,0
3879,KSGF,large_airport,Springfield Branson National Airport,37.24570084,-93.38860321,1268,,United States,US,Missouri,US-MO,MO,Springfield,1,KSGF,SGF,SGF,,https://en.wikipedia.org/wiki/Springfield/Branson_National_Airport,,1275,2010-01-23T11:28:05+00:00,Springfield Branson National Airport,0
3408,KBIL,large_airport,Billings Logan International Airport,45.80770111,-108.5429993,3652,,United States,US,Montana,US-MT,MT,Billings,1,KBIL,BIL,BIL,,https://en.wikipedia.org/wiki/Billings_Logan_International_Airport,,1275,2008-06-13T14:30:04+00:00,Billings Logan International Airport,0
3700,KMOB,large_airport,Mobile Regional Airport,30.69120026,-88.24279785,219,,United States,US,Alabama,US-AL,AL,Mobile,1,KMOB,MOB,MOB,http://www.mobairport.com/,https://en.wikipedia.org/wiki/Mobile_Regional_Airport,,1275,2015-07-28T09:26:11+00:00,Mobile Regional Airport,0
3547,KFWA,large_airport,Fort Wayne International Airport,40.97850037,-85.19509888,814,,United States,US,Indiana,US-IN,IN,Fort Wayne,1,KFWA,FWA,FWA,https://fwairport.com/,https://en.wikipedia.org/wiki/Fort_Wayne_International_Airport,Baer Field,1275,2014-09-18T04:45:38+00:00,Fort Wayne International Airport,0
5360,PAFA,large_airport,Fairbanks International Airport,64.81510162,-147.8560028,439,,United States,US,Alaska,US-AK,AK,Fairbanks,1,PAFA,FAI,FAI,,https://en.wikipedia.org/wiki/Fairbanks_International_Airport,,875,2010-01-23T11:28:10+00:00,Fairbanks International Airport,0
3491,KDLH,large_airport,Duluth International Airport,46.84209824,-92.19360352,1428,,United States,US,Minnesota,US-MN,MN,Duluth,1,KDLH,DLH,DLH,http://www.duluthairport.com/,https://en.wikipedia.org/wiki/Duluth_International_Airport,"LKI, Duluth Air National Guard Base, Lakeside AFB",1275,2015-02-22T14:35:05+00:00,Duluth International Airport,0
3619,KJAN,large_airport,Jackson-Medgar Wiley Evers International Airport,32.31119919,-90.07589722,346,,United States,US,Mississippi,US-MS,MS,Jackson,1,KJAN,JAN,JAN,,https://en.wikipedia.org/wiki/Jackson-Evers_International_Airport,,1275,2013-12-08T14:19:12+00:00,Jackson-Medgar Wiley Evers International Airport,0
3857,KRST,large_airport,Rochester International Airport,43.90829849,-92.5,1317,,United States,US,Minnesota,US-MN,MN,Rochester,1,KRST,RST,RST,,https://en.wikipedia.org/wiki/Rochester_International_Airport,,1275,2008-06-13T14:30:04+00:00,Rochester International Airport,0
3467,KCRW,large_airport,Yeager Airport,38.37310028,-81.59320068,981,,United States,US,West Virginia,US-WV,WV,Charleston,1,KCRW,CRW,CRW,,https://en.wikipedia.org/wiki/Yeager_Airport,,1275,2008-06-13T14:30:04+00:00,Yeager Airport,0
3854,KROA,large_airport,Roanoke–Blacksburg Regional Airport,37.3255,-79.975403,1175,,United States,US,Virginia,US-VA,VA,Roanoke,1,KROA,ROA,ROA,http://www.roanokeairport.com/,https://en.wikipedia.org/wiki/Roanoke%E2%80%93Blacksburg_Regional_Airport,Woodrum Field,1275,2017-05-30T15:18:24+00:00,Roanoke–Blacksburg Regional Airport,0
3466,KCRP,large_airport,Corpus Christi International Airport,27.77039909,-97.50119781,44,,United States,US,Texas,US-TX,TX,Corpus Christi,1,KCRP,CRP,CRP,,https://en.wikipedia.org/wiki/Corpus_Christi_International_Airport,,1375,2008-06-13T14:30:04+00:00,Corpus Christi International Airport,0
3770,KPHF,large_airport,Newport News Williamsburg International Airport,37.13190079,-76.49299622,42,,United States,US,Virginia,US-VA,VA,Newport News,1,KPHF,PHF,PHF,,https://en.wikipedia.org/wiki/Newport_News/Williamsburg_International_Airport,,1275,2010-01-23T11:28:03+00:00,Newport News Williamsburg International Airport,0
3925,KTOL,large_airport,Toledo Express Airport,41.58679962,-83.80780029,683,,United States,US,Ohio,US-OH,OH,Toledo,1,KTOL,TOL,TOL,,https://en.wikipedia.org/wiki/Toledo_Express_Airport,,1275,2010-01-23T11:28:07+00:00,Toledo Express Airport,0
3545,KFTW,large_airport,Fort Worth Meacham International Airport,32.819801,-97.362396,710,,United States,US,Texas,US-TX,TX,Fort Worth,0,KFTW,FTW,FTW,http://meacham.com/,https://en.wikipedia.org/wiki/Fort_Worth_Meacham_International_Airport,,850,2017-06-18T20:50:20+00:00,Fort Worth Meacham International Airport,0
3561,KGPT,large_airport,Gulfport Biloxi International Airport,30.40730095,-89.07009888,28,,United States,US,Mississippi,US-MS,MS,Gulfport,1,KGPT,GPT,GPT,,https://en.wikipedia.org/wiki/Gulfport-Biloxi_International_Airport,,1275,2008-06-13T14:30:04+00:00,Gulfport Biloxi International Airport,0
3419,KBMI,large_airport,Central Illinois Regional Airport at Bloomington-Normal,40.47710037,-88.91590118,871,,United States,US,Illinois,US-IL,IL,Bloomington/Normal,1,KBMI,BMI,BMI,,https://en.wikipedia.org/wiki/Central_Illinois_Regional_Airport,,1275,2014-03-22T11:54:10+00:00,Central Illinois Regional Airport at Bloomington-Normal,0
3695,KMLI,large_airport,Quad City International Airport,41.44850159,-90.50749969,590,,United States,US,Illinois,US-IL,IL,Moline,1,KMLI,MLI,MLI,,https://en.wikipedia.org/wiki/Quad_City_International_Airport,,1275,2008-06-13T14:30:04+00:00,Quad City International Airport,0
3773,KPIA,large_airport,General Wayne A. Downing Peoria International Airport,40.66419983,-89.69329834,660,,United States,US,Illinois,US-IL,IL,Peoria,1,KPIA,PIA,PIA,,https://en.wikipedia.org/wiki/General_Wayne_A._Downing_Peoria_International_Airport,Peoria International Airport,1475,2015-02-17T14:24:51+00:00,General Wayne A. Downing Peoria International Airport,0
3368,KAGS,large_airport,Augusta Regional At Bush Field,33.36989975,-81.96450043,144,,United States,US,Georgia,US-GA,GA,Augusta,1,KAGS,AGS,AGS,,https://en.wikipedia.org/wiki/Augusta_Regional_Airport,,1275,2008-06-13T14:30:04+00:00,Augusta Regional At Bush Field,0
3928,KTRI,large_airport,Tri-Cities Regional TN/VA Airport,36.475201,-82.407401,1519,,United States,US,Tennessee,US-TN,TN,Bristol/Johnson/Kingsport,1,KTRI,TRI,TRI,,https://en.wikipedia.org/wiki/Tri-Cities_Regional_Airport,,1275,2017-09-02T10:13:49+00:00,Tri-Cities Regional TN/VA Airport,0
3681,KMGM,large_airport,Montgomery Regional (Dannelly Field) Airport,32.30059814,-86.39399719,221,,United States,US,Alabama,US-AL,AL,Montgomery,1,KMGM,MGM,MGM,http://www.flymgm.com/,https://en.wikipedia.org/wiki/Montgomery_Regional_Airport,,1275,2015-07-27T15:13:22+00:00,Montgomery Regional (Dannelly Field) Airport,0
3845,KRFD,large_airport,Chicago Rockford International Airport,42.19540024,-89.09719849,742,,United States,US,Illinois,US-IL,IL,Chicago/Rockford,1,KRFD,RFD,RFD,,https://en.wikipedia.org/wiki/Chicago/Rockford_International_Airport,,1275,2008-06-13T14:30:04+00:00,Chicago Rockford International Airport,0
3543,KFSM,large_airport,Fort Smith Regional Airport,35.33660126,-94.36740112,469,,United States,US,Arkansas,US-AR,AR,Fort Smith,1,KFSM,FSM,FSM,,https://en.wikipedia.org/wiki/Fort_Smith_Regional_Airport,,1275,2008-06-13T14:30:04+00:00,Fort Smith Regional Airport,0
3948,KVPS,large_airport,Destin-Ft Walton Beach Airport,30.4832,-86.525398,87,,United States,US,Florida,US-FL,FL,Valparaiso,1,KVPS,VPS,VPS,http://www.flyvps.com/,https://en.wikipedia.org/wiki/Destin%E2%80%93Fort_Walton_Beach_Airport,Eglin AFB,1275,2016-10-26T21:56:21+00:00,Destin-Ft Walton Beach Airport,0
3515,KERI,large_airport,Erie International Tom Ridge Field,42.08312701,-80.17386675,732,,United States,US,Pennsylvania,US-PA,PA,Erie,1,KERI,ERI,ERI,,https://en.wikipedia.org/wiki/Erie_International_Airport,,1275,2013-01-22T00:07:55+00:00,Erie International Tom Ridge Field,0
3697,KMLU,large_airport,Monroe Regional Airport,32.51089859,-92.03769684,79,,United States,US,Louisiana,US-LA,LA,Monroe,1,KMLU,MLU,MLU,,https://en.wikipedia.org/wiki/Monroe_Regional_Airport,,1275,2008-06-13T14:30:04+00:00,Monroe Regional Airport,0
3907,KSUS,large_airport,Spirit of St Louis Airport,38.66210175,-90.65200043,463,,United States,US,Missouri,US-MO,MO,St Louis,0,KSUS,SUS,SUS,http://spiritairport.com/spiritairport/index.jsp,https://en.wikipedia.org/wiki/Spirit_of_St._Louis_Airport,,850,2015-07-12T11:15:06+00:00,Spirit of St Louis Airport,0
3897,KSPI,large_airport,Abraham Lincoln Capital Airport,39.84410095,-89.67790222,598,,United States,US,Illinois,US-IL,IL,Springfield,1,KSPI,SPI,SPI,,https://en.wikipedia.org/wiki/Abraham_Lincoln_Capital_Airport,,1475,2010-01-23T11:28:07+00:00,Abraham Lincoln Capital Airport,0
3638,KLCK,large_airport,Rickenbacker International Airport,39.813801,-82.927803,744,,United States,US,Ohio,US-OH,OH,Columbus,1,KLCK,LCK,LCK,http://rickenbackerinlandport.com/en/rickenbacker-international-airport/,https://en.wikipedia.org/wiki/Rickenbacker_International_Airport,Lockbourne Army Air Field,850,2016-05-31T10:03:00+00:00,Rickenbacker International Airport,0
3898,KSPS,large_airport,Sheppard Air Force Base-Wichita Falls Municipal Airport,33.9888,-98.491898,1019,,United States,US,Texas,US-TX,TX,Wichita Falls,1,KSPS,SPS,SPS,http://www.flywichitafalls.net/,https://en.wikipedia.org/wiki/Wichita_Falls_Municipal_Airport,Sheppard Air Force Base,1375,2017-06-18T20:45:31+00:00,Sheppard Air Force Base-Wichita Falls Municipal Airport,0
3642,KLFT,large_airport,Lafayette Regional Airport,30.20529938,-91.98760223,42,,United States,US,Louisiana,US-LA,LA,Lafayette,1,KLFT,LFT,LFT,http://www.lftairport.com/Home,https://en.wikipedia.org/wiki/Lafayette_Regional_Airport,,1275,2011-10-22T08:42:32+00:00,Lafayette Regional Airport,0
3664,KMBS,large_airport,MBS International Airport,43.53290176,-84.07959747,668,,United States,US,Michigan,US-MI,MI,Saginaw,1,KMBS,MBS,MBS,http://www.mbsairport.org/,https://en.wikipedia.org/wiki/MBS_International_Airport,"Tri City Airport, Midland, Bay City",1275,2008-06-13T14:30:04+00:00,MBS International Airport,0
3909,KSUX,large_airport,Sioux Gateway Airport/Brigadier General Bud Day Field,42.402599,-96.384399,1098,,United States,US,Iowa,US-IA,IA,Sioux City,1,KSUX,SUX,SUX,https://www.sioux-city.org/government/departments-a-f/airport,https://en.wikipedia.org/wiki/Sioux_Gateway_Airport,"Col. Bud Day, Sioux City AB, Sioux City AAB",1275,2019-08-02T14:14:40+00:00,Sioux Gateway Airport/Brigadier General Bud Day Field,0
3366,KAFW,large_airport,Fort Worth Alliance Airport,32.98759842,-97.31880188,722,,United States,US,Texas,US-TX,TX,Fort Worth,0,KAFW,AFW,AFW,http://www.allianceairport.com/,https://en.wikipedia.org/wiki/Fort_Worth_Alliance_Airport,,850,2011-09-03T15:36:06+00:00,Fort Worth Alliance Airport,0
3482,KDBQ,large_airport,Dubuque Regional Airport,42.40200043,-90.70950317,1077,,United States,US,Iowa,US-IA,IA,Dubuque,1,KDBQ,DBQ,DBQ,,https://en.wikipedia.org/wiki/Dubuque_Regional_Airport,,1275,2010-01-23T11:27:50+00:00,Dubuque Regional Airport,0
3364,KADW,large_airport,Joint Base Andrews,38.810799,-76.866997,280,,United States,US,Maryland,US-MD,MD,Camp Springs,0,KADW,ADW,ADW,http://www.jba.af.mil/,https://en.wikipedia.org/wiki/Joint_Base_Andrews,Andrews Air Force Base,1000,2018-12-24T19:28:14+00:00,Joint Base Andrews,0
3623,KJLN,large_airport,Joplin Regional Airport,37.15179825,-94.49829865,981,,United States,US,Missouri,US-MO,MO,Joplin,1,KJLN,JLN,JLN,,https://en.wikipedia.org/wiki/Joplin_Regional_Airport,,1275,2008-06-13T14:30:04+00:00,Joplin Regional Airport,0
3595,KHTS,large_airport,Tri-State/Milton J. Ferguson Field,38.36669922,-82.55799866,828,,United States,US,West Virginia,US-WV,WV,Huntington,1,KHTS,HTS,HTS,,https://en.wikipedia.org/wiki/Tri-State_Airport,,1275,2010-01-26T11:07:28+00:00,Tri-State/Milton J. Ferguson Field,0
3528,KFFO,large_airport,Wright-Patterson Air Force Base,39.8260994,-84.0483017,823,,United States,US,Ohio,US-OH,OH,Dayton,0,KFFO,FFO,FFO,http://www.wpafb.af.mil/,https://en.wikipedia.org/wiki/Wright-Patterson_Air_Force_Base,"Wilbur Wright Field, Fairfield Air Depot",850,2014-09-25T18:50:59+00:00,Wright-Patterson Air Force Base,0
3908,KSUU,large_airport,Travis Air Force Base,38.26269913,-121.927002,62,,United States,US,California,US-CA,CA,Fairfield,0,KSUU,SUU,SUU,http://www.travis.af.mil/,https://en.wikipedia.org/wiki/Travis_Air_Force_Base,,850,2015-07-12T11:22:27+00:00,Travis Air Force Base,0
3417,KBLV,large_airport,Scott AFB/Midamerica Airport,38.5452,-89.835197,459,,United States,US,Illinois,US-IL,IL,Belleville,1,KBLV,BLV,BLV,,https://en.wikipedia.org/wiki/Scott_Air_Force_Base,Scott Air Force Base,1000,2016-05-31T10:05:31+00:00,Scott AFB/Midamerica Airport,0
3918,KTCM,large_airport,McChord Air Force Base,47.13769913,-122.4759979,322,,United States,US,Washington,US-WA,WA,Tacoma,0,KTCM,TCM,TCM,,https://en.wikipedia.org/wiki/McChord_Air_Force_Base,,850,2013-08-24T19:57:36+00:00,McChord Air Force Base,0
3579,KHIB,large_airport,Range Regional Airport,47.38660049,-92.83899689,1354,,United States,US,Minnesota,US-MN,MN,Hibbing,1,KHIB,HIB,HIB,,https://en.wikipedia.org/wiki/Range_Regional_Airport,Chisholm Hibbing Airport,1275,2015-02-17T14:26:35+00:00,Range Regional Airport,0
3494,KDOV,large_airport,Dover Air Force Base,39.12950134,-75.46600342,24,,United States,US,Delaware,US-DE,DE,Dover,0,KDOV,DOV,DOV,http://www.dover.af.mil/,https://en.wikipedia.org/wiki/Dover_Air_Force_Base,"Municipal Airport - Dover Airdrome, Dover Army Airbase, Dover Army Airfield",850,2014-09-01T11:11:33+00:00,Dover Air Force Base,0
3667,KMCF,large_airport,Mac Dill Air Force Base,27.84930038,-82.52120209,14,,United States,US,Florida,US-FL,FL,Tampa,0,KMCF,MCF,MCF,http://www.macdill.af.mil/,https://en.wikipedia.org/wiki/MacDill_Air_Force_Base,"Southeast Air Base - Tampa, MacDill Field",850,2015-03-01T15:56:32+00:00,Mac Dill Air Force Base,0
3392,KBAD,large_airport,Barksdale Air Force Base,32.50180054,-93.66269684,166,,United States,US,Louisiana,US-LA,LA,Bossier City,0,KBAD,BAD,BAD,,https://en.wikipedia.org/wiki/Barksdale_Air_Force_Base,,850,2012-06-21T01:49:15+00:00,Barksdale Air Force Base,0
3503,KEDW,large_airport,Edwards Air Force Base,34.905399,-117.884003,2312,,United States,US,California,US-CA,CA,Edwards,0,KEDW,EDW,EDW,,https://en.wikipedia.org/wiki/Edwards_Air_Force_Base,,850,2016-06-22T07:47:56+00:00,Edwards Air Force Base,0
3641,KLFI,large_airport,Langley Air Force Base,37.082901,-76.36049652,11,,United States,US,Virginia,US-VA,VA,Hampton,0,KLFI,LFI,LFI,http://www.langleyafb.us/,https://en.wikipedia.org/wiki/Langley_Field,Langley Field,850,2015-02-20T12:17:27+00:00,Langley Air Force Base,0
3921,KTIK,large_airport,Tinker Air Force Base,35.41469955,-97.38659668,1291,,United States,US,Oklahoma,US-OK,OK,Oklahoma City,0,KTIK,TIK,TIK,http://www.tinker.af.mil/,https://en.wikipedia.org/wiki/Tinker_Air_Force_Base,Midwest Air Depot,850,2015-11-22T13:11:09+00:00,Tinker Air Force Base,0
3765,KPAM,large_airport,Tyndall Air Force Base,30.06959915,-85.57540131,17,,United States,US,Florida,US-FL,FL,Panama City,0,KPAM,PAM,PAM,http://www.tyndall.af.mil/,https://en.wikipedia.org/wiki/Tyndall_Air_Force_Base,,850,2014-08-22T00:55:27+00:00,Tyndall Air Force Base,0
3951,KWRB,large_airport,Robins Air Force Base,32.64009857,-83.59190369,294,,United States,US,Georgia,US-GA,GA,Warner Robins,0,KWRB,WRB,WRB,http://www.robins.af.mil/,https://en.wikipedia.org/wiki/Robins_Air_Force_Base,,850,2013-06-30T12:21:45+00:00,Robins Air Force Base,0
3657,KLTS,large_airport,Altus Air Force Base,34.667099,-99.26670074,1382,,United States,US,Oklahoma,US-OK,OK,Altus,0,KLTS,LTS,LTS,http://www.altus.af.mil/,https://en.wikipedia.org/wiki/Altus_Air_Force_Base,,1000,2015-02-14T19:42:55+00:00,Altus Air Force Base,0
3852,KRND,large_airport,Randolph Air Force Base,29.52969933,-98.27890015,761,,United States,US,Texas,US-TX,TX,Universal City,0,KRND,RND,RND,http://www.military.com/base-guide/randolph-air-force-base,https://en.wikipedia.org/wiki/Randolph_Air_Force_Base,,1000,2015-05-08T14:27:22+00:00,Randolph Air Force Base,0
3584,KHMN,large_airport,Holloman Air Force Base,32.85250092,-106.1070023,4093,,United States,US,New Mexico,US-NM,NM,Alamogordo,0,KHMN,HMN,HMN,http://www.holloman.af.mil/,https://en.wikipedia.org/wiki/Holloman_Air_Force_Base,Alamogordo AAF,850,2014-11-16T06:28:59+00:00,Holloman Air Force Base,0
3441,KCBM,large_airport,Columbus Air Force Base,33.64379883,-88.44380188,219,,United States,US,Mississippi,US-MS,MS,Columbus,0,KCBM,CBM,CBM,,https://en.wikipedia.org/wiki/Columbus_Air_Force_Base,,850,2012-06-23T06:16:18+00:00,Columbus Air Force Base,0
3490,KDLF,large_airport,DLF Airport,29.359501,-100.778002,1082,,United States,US,Texas,US-TX,TX,Del Rio,0,KDLF,DLF,DLF,http://www.laughlin.af.mil/,https://en.wikipedia.org/wiki/Laughlin_Air_Force_Base,"Laughlin AFB, Laughlin Field",850,2018-11-22T20:51:53+00:00,DLF Airport,0
3658,KLUF,large_airport,Luke Air Force Base,33.53499985,-112.3830032,1085,,United States,US,Arizona,US-AZ,AZ,Glendale,0,KLUF,LUF,LUF,http://www.luke.af.mil/,https://en.wikipedia.org/wiki/Luke_Air_Force_Base,,850,2015-02-14T13:53:36+00:00,Luke Air Force Base,0
3680,KMGE,large_airport,Dobbins Air Reserve Base,33.91540146,-84.51629639,1068,,United States,US,Georgia,US-GA,GA,Marietta,0,KMGE,MGE,MGE,http://www.dobbins.afrc.af.mil/,https://en.wikipedia.org/wiki/Dobbins_Air_Reserve_Base,"Rickenbacker Field, Marietta AAF, Marietta AFB, Dobbins AFB",850,2015-03-05T00:01:01+00:00,Dobbins Air Reserve Base,0
3885,KSKA,large_airport,Fairchild Air Force Base,47.61510086,-117.6559982,2461,,United States,US,Washington,US-WA,WA,Spokane,0,KSKA,SKA,SKA,http://www.fairchild.af.mil/,https://en.wikipedia.org/wiki/Fairchild_Air_Force_Base,,850,2013-08-29T10:53:59+00:00,Fairchild Air Force Base,0
3473,KCVS,large_airport,Cannon Air Force Base,34.38280106,-103.3219986,4295,,United States,US,New Mexico,US-NM,NM,Clovis,0,KCVS,CVS,CVS,http://www.cannon.af.mil/,https://en.wikipedia.org/wiki/Cannon_Air_Force_Base,,850,2014-02-20T19:15:15+00:00,Cannon Air Force Base,0
3499,KDYS,large_airport,Dyess Air Force Base,32.42079926,-99.854599,1789,,United States,US,Texas,US-TX,TX,Abilene,0,KDYS,DYS,DYS,http://www.dyess.af.mil/,https://en.wikipedia.org/wiki/Dyess_Air_Force_Base,,850,2012-07-05T01:21:00+00:00,Dyess Air Force Base,0
3715,KMUO,large_airport,Mountain Home Air Force Base,43.043598,-115.872002,2996,,United States,US,Idaho,US-ID,ID,Mountain Home,0,KMUO,MUO,MUO,http://www.mountainhome.af.mil/,https://en.wikipedia.org/wiki/Mountain_Home_Air_Force_Base,,850,2016-05-31T09:36:32+00:00,Mountain Home Air Force Base,0
3573,KGUS,large_airport,Grissom Air Reserve Base,40.64810181,-86.15209961,812,,United States,US,Indiana,US-IN,IN,Peru,0,KGUS,GUS,GUS,http://www.grissom.afrc.af.mil/,https://en.wikipedia.org/wiki/Grissom_Air_Reserve_Base,,850,2014-10-03T23:32:05+00:00,Grissom Air Reserve Base,0
3901,KSSC,large_airport,Shaw Air Force Base,33.97269821,-80.47059631,241,,United States,US,South Carolina,US-SC,SC,Sumter,0,KSSC,SSC,SSC,http://www.shaw.af.mil/,https://en.wikipedia.org/wiki/Shaw_Air_Force_Base,,850,2015-07-04T20:20:06+00:00,Shaw Air Force Base,0
3513,KEND,large_airport,Vance Air Force Base,36.33919907,-97.91649628,1307,,United States,US,Oklahoma,US-OK,OK,Enid,0,KEND,END,END,http://www.vance.af.mil/,https://en.wikipedia.org/wiki/Vance_Air_Force_Base,,850,2012-08-18T17:07:11+00:00,Vance Air Force Base,0
3944,KVBG,large_airport,Vandenberg Air Force Base,34.73730087,-120.5839996,369,,United States,US,California,US-CA,CA,Lompoc,0,KVBG,VBG,VBG,,https://en.wikipedia.org/wiki/Vandenberg_Air_Force_Base,,850,2014-12-26T21:30:21+00:00,Vandenberg Air Force Base,0
3391,KBAB,large_airport,Beale Air Force Base,39.13610077,-121.4369965,113,,United States,US,California,US-CA,CA,Marysville,0,KBAB,BAB,BAB,,https://en.wikipedia.org/wiki/Beale_Air_Force_Base,,850,2012-06-21T01:43:23+00:00,Beale Air Force Base,0
3567,KGSB,large_airport,Seymour Johnson Air Force Base,35.33940125,-77.96060181,109,,United States,US,North Carolina,US-NC,NC,Goldsboro,0,KGSB,GSB,GSB,http://www.seymourjohnson.af.mil/,https://en.wikipedia.org/wiki/Seymour_Johnson_Air_Force_Base,,850,2014-10-04T01:51:25+00:00,Seymour Johnson Air Force Base,0
3914,KSZL,large_airport,Whiteman Air Force Base,38.7303009,-93.54789734,870,,United States,US,Missouri,US-MO,MO,Knob Noster,0,KSZL,SZL,SZL,http://www.whiteman.af.mil/,https://en.wikipedia.org/wiki/Whiteman_Air_Force_Base,Sedalia Glider Base,850,2015-05-31T03:54:50+00:00,Whiteman Air Force Base,0
